{
    "0": {
        "ID": 0,
        "Texture Class": null,
        "Texture": {
            "contrast": 0.7041762293794435,
            "dissimilarity": 0.9999999999999999,
            "homogeneity": 0.26556977299088486,
            "energy": 0.10900883522513093,
            "correlation": 0.29601743919460055,
            "ASM": 0.0
        },
        "Current Position": [
            10,
            5,
            0
        ],
        "Initial Position": [
            10,
            5,
            0
        ],
        "Casual Probability": 1,
        "Movability": false
    },
    "1": {
        "ID": 1,
        "Texture Class": 1,
        "Texture": {
            "contrast": 0.7041762293794435,
            "dissimilarity": 0.9999999999999999,
            "homogeneity": 0.26556977299088486,
            "energy": 0.10900883522513093,
            "correlation": 0.29601743919460055,
            "ASM": 0.0
        },
        "Current Position": [
            10,
            8,
            0
        ],
        "Initial Position": [
            10,
            8,
            0
        ],
        "Casual Probability": 1,
        "Movability": false
    }
}