{
    "1": {
        "ID": 1,
        "Texture Class": 0,
        "Texture": {
            "contrast": 0.032526800053776395,
            "dissimilarity": 0.5448630311773992,
            "homogeneity": 0.9474244550696023,
            "energy": 0.3849499500476319,
            "correlation": 1.0,
            "ASM": 0.0
        },
        "Current Position": [
            7,
            6,
            0
        ],
        "Initial Position": [
            7,
            6,
            0
        ],
        "Casual Probability": 1,
        "Movability": false
    },
    "0": {
        "ID": 0,
        "Texture Class": null,
        "Texture": {
            "contrast": 0.4651890395495128,
            "dissimilarity": 1.0,
            "homogeneity": 0.6354261133353345,
            "energy": 0.2431275149229829,
            "correlation": 0.6939575655690042,
            "ASM": 0.0
        },
        "Current Position": [
            5,
            11,
            0
        ],
        "Initial Position": [
            9,
            5,
            0
        ],
        "Casual Probability": 1,
        "Movability": false
    }
}