{
    "0": {
        "ID": 0,
        "Texture Class": null,
        "Texture": {
            "contrast": 0.3553882918160906,
            "dissimilarity": 0.9795231933192774,
            "homogeneity": 0.9168527980143317,
            "energy": 0.37031265964917276,
            "correlation": 1.0,
            "ASM": 0.0
        },
        "Current Position": [
            6,
            8,
            0
        ],
        "Initial Position": [
            6,
            2,
            0
        ],
        "Casual Probability": 1,
        "Movability": false
    },
    "1": {
        "ID": 1,
        "Texture Class": 0,
        "Texture": {
            "contrast": 0.3553882918160906,
            "dissimilarity": 0.9795231933192774,
            "homogeneity": 0.9168527980143317,
            "energy": 0.37031265964917276,
            "correlation": 1.0,
            "ASM": 0.0
        },
        "Current Position": [
            3,
            11,
            0
        ],
        "Initial Position": [
            2,
            6,
            0
        ],
        "Casual Probability": 1,
        "Movability": false
    }
}