{
    "1": {
        "ID": 1,
        "Texture Class": null,
        "Texture": {
            "contrast": 0.4893053706005377,
            "dissimilarity": 1.0,
            "homogeneity": 0.4592441163815697,
            "energy": 0.16806157361148455,
            "correlation": 0.5577332239193821,
            "ASM": 0.0
        },
        "Current Position": [
            17,
            13,
            0
        ],
        "Initial Position": [
            17,
            13,
            0
        ],
        "Casual Probability": 1,
        "Movability": false
    }
}