{
    "6": {
        "ID": 6,
        "Texture Class": 1,
        "Texture": {
            "contrast": 0.256337362966913,
            "dissimilarity": 1.0,
            "homogeneity": 0.26714136565837393,
            "energy": 0.1190656272734015,
            "correlation": 0.3645047948740084,
            "ASM": 0.0
        },
        "Current Position": [
            2,
            0,
            0
        ],
        "Initial Position": [
            2,
            0,
            0
        ],
        "Casual Probability": 1,
        "Movability": false
    },
    "7": {
        "ID": 7,
        "Texture Class": 1,
        "Texture": {
            "contrast": 0.7165349727887196,
            "dissimilarity": 1.0,
            "homogeneity": 0.9328610324373077,
            "energy": 0.3572917934433939,
            "correlation": 0.9408612162556671,
            "ASM": 0.0
        },
        "Current Position": [
            -1,
            0,
            0
        ],
        "Initial Position": [
            -1,
            0,
            0
        ],
        "Casual Probability": 1,
        "Movability": false
    }
}