{
    "0": {
        "ID": 0,
        "Texture Class": null,
        "Texture": {
            "contrast": 0.5501327251444517,
            "dissimilarity": 1.0,
            "homogeneity": 0.6610446477414625,
            "energy": 0.24848392830841917,
            "correlation": 0.7545142365670009,
            "ASM": 0.0
        },
        "Current Position": [
            16,
            14,
            0
        ],
        "Initial Position": [
            16,
            14,
            0
        ],
        "Casual Probability": 1,
        "Movability": false
    },
    "1": {
        "ID": 1,
        "Texture Class": null,
        "Texture": {
            "contrast": 0.059282621723246054,
            "dissimilarity": 0.7370184286687935,
            "homogeneity": 0.8871051605376923,
            "energy": 0.34055249278265176,
            "correlation": 1.0,
            "ASM": 0.0
        },
        "Current Position": [
            16,
            8,
            0
        ],
        "Initial Position": [
            16,
            8,
            0
        ],
        "Casual Probability": 1,
        "Movability": false
    }
}