{
    "1": {
        "ID": 1,
        "Texture Class": 1,
        "Texture": {
            "contrast": 0.24842061672941673,
            "dissimilarity": 0.6003615975628984,
            "homogeneity": 0.9681930368528568,
            "energy": 0.32750633096266946,
            "correlation": 1.0,
            "ASM": 0.0
        },
        "Current Position": [
            15,
            3,
            0
        ],
        "Initial Position": [
            13,
            4,
            0
        ],
        "Casual Probability": 1,
        "Movability": false
    },
    "0": {
        "ID": 0,
        "Texture Class": 1,
        "Texture": {
            "contrast": 0.09632890534442334,
            "dissimilarity": 0.34329255053293334,
            "homogeneity": 0.9847168066496199,
            "energy": 0.32929321566915853,
            "correlation": 1.0,
            "ASM": 0.0
        },
        "Current Position": [
            14,
            2,
            0
        ],
        "Initial Position": [
            14,
            5,
            0
        ],
        "Casual Probability": 1,
        "Movability": false
    }
}