{
    "6": {
        "ID": 6,
        "Texture Class": 1,
        "Texture": {
            "contrast": 0.5733163699972281,
            "dissimilarity": 1.0,
            "homogeneity": 0.32437852008132345,
            "energy": 0.09103645907837213,
            "correlation": 0.45219796474985036,
            "ASM": 0.0
        },
        "Current Position": [
            1,
            0,
            0
        ],
        "Initial Position": [
            2,
            0,
            0
        ],
        "Casual Probability": 1,
        "Movability": false
    },
    "7": {
        "ID": 7,
        "Texture Class": 0,
        "Texture": {
            "contrast": 0.8775243079380987,
            "dissimilarity": 0.9999999999999999,
            "homogeneity": 0.5905405530116423,
            "energy": 0.22222533166060693,
            "correlation": 0.5998817113367153,
            "ASM": 0.0
        },
        "Current Position": [
            -1,
            0,
            0
        ],
        "Initial Position": [
            -1,
            0,
            0
        ],
        "Casual Probability": 1,
        "Movability": false
    }
}