{
    "1": {
        "ID": 1,
        "Texture Class": null,
        "Texture": {
            "contrast": 0.30879338794170197,
            "dissimilarity": 1.0,
            "homogeneity": 0.4951648460618401,
            "energy": 0.19485307866803503,
            "correlation": 0.6058286948137052,
            "ASM": 0.0
        },
        "Current Position": [
            16,
            12,
            0
        ],
        "Initial Position": [
            15,
            11,
            0
        ],
        "Casual Probability": 1,
        "Movability": false
    },
    "0": {
        "ID": 0,
        "Texture Class": null,
        "Texture": {
            "contrast": 0.30879338794170197,
            "dissimilarity": 1.0,
            "homogeneity": 0.4951648460618401,
            "energy": 0.19485307866803503,
            "correlation": 0.6058286948137052,
            "ASM": 0.0
        },
        "Current Position": [
            17,
            15,
            0
        ],
        "Initial Position": [
            17,
            15,
            0
        ],
        "Casual Probability": 1,
        "Movability": false
    }
}