{
    "6": {
        "ID": 6,
        "Texture Class": 1,
        "Texture": {
            "contrast": 0.2232418160227441,
            "dissimilarity": 1.0,
            "homogeneity": 0.11404887916881808,
            "energy": 0.05326634300539994,
            "correlation": 0.21221142198600076,
            "ASM": 0.0
        },
        "Current Position": [
            1,
            0,
            0
        ],
        "Initial Position": [
            2,
            0,
            0
        ],
        "Casual Probability": 1,
        "Movability": false
    },
    "7": {
        "ID": 7,
        "Texture Class": 0,
        "Texture": {
            "contrast": 0.5923919817285583,
            "dissimilarity": 1.0,
            "homogeneity": 0.38258547640060114,
            "energy": 0.16681270141226415,
            "correlation": 0.4402413355328888,
            "ASM": 0.0
        },
        "Current Position": [
            -2,
            0,
            0
        ],
        "Initial Position": [
            -1,
            0,
            0
        ],
        "Casual Probability": 1,
        "Movability": true
    }
}